url,site,title,price,currency,brand,model,reference,condition,description,images,availability,specifications,year,dial_color,bracelet_material,case_material,movement
https://www.bqwatches.com/product/24140,bqwatches,ROLEX DATEJUST 41 - 126334,11950.0,GBP,Rolex,Datejust,126334,,,[],Contact for Availability,{},,,,,Automatic
https://www.bqwatches.com/product/23711,bqwatches,ROLEX DATEJUST - 16233,,GBP,Rolex,Datejust,16233,,,[],Contact for Availability,{},,,,,Automatic
https://www.bqwatches.com/product/14545,bqwatches,ROLEX SUBMARINER - 16618LB,18500.0,GBP,Rolex,Submariner,16618LB,,,[],Contact for Availability,{},,,,,Automatic
https://www.bqwatches.com/product/24195,bqwatches,ROLEX GMT-MASTER II - 126710BLNR,14250.0,GBP,Rolex,Gmt-Master,126710BLNR,,,[],Contact for Availability,{},,,,,Automatic
https://www.bqwatches.com/product/23591,bqwatches,ROLEX DATEJUST - 69138,10500.0,GBP,Rolex,Datejust,,,,[],Contact for Availability,{},,,,,Automatic
https://www.bqwatches.com/product/23587,bqwatches,ROLEX SEA-DWELLER - 126600,11000.0,GBP,Rolex,Sea-Dweller,126600,,,[],Contact for Availability,{},,,,,Automatic
https://www.bqwatches.com/product/23161,bqwatches,ROLEX SUBMARINER - 16618LB,24500.0,GBP,Rolex,Submariner,16618LB,,,[],Contact for Availability,{},,,,,Automatic
https://www.bqwatches.com/product/24105,bqwatches,ROLEX GMT MASTER II - 126720VTNR,14500.0,GBP,Rolex,,126720VTNR,,,[],Contact for Availability,{},,,,,Automatic
https://www.bqwatches.com/product/23166,bqwatches,ROLEX GMT MASTER II - 116710LN,10000.0,GBP,Rolex,,116710LN,,,[],Contact for Availability,{},,,,,Automatic
https://www.bqwatches.com/product/20096,bqwatches,ROLEX SEA-DWELLER DEEPSEA - 116660,9750.0,GBP,Rolex,Sea-Dweller,116660,,,[],Contact for Availability,{},,,,,Automatic
https://www.bqwatches.com/product/24055,bqwatches,ROLEX GMT-MASTER II - 126720VTNR,14750.0,GBP,Rolex,Gmt-Master,126720VTNR,,,[],Contact for Availability,{},,,,,Automatic
https://www.bqwatches.com/product/23600,bqwatches,ROLEX DATEJUST - 279174,8750.0,GBP,Rolex,Datejust,279174,,,[],Contact for Availability,{},,,,,Automatic
https://www.bqwatches.com/product/23928,bqwatches,ROLEX SUBMARINER - 116610LN,9250.0,GBP,Rolex,Submariner,116610LN,,,[],Contact for Availability,{},,,,,Automatic
https://www.bqwatches.com/product/23994,bqwatches,ROLEX EXPLORER II - 216570,8250.0,GBP,Rolex,Explorer,216570,,,[],Contact for Availability,{},,,,,Automatic
https://www.bqwatches.com/product/24037,bqwatches,ROLEX GMT-MASTER - 16750,10750.0,GBP,Rolex,Gmt-Master,16750,,,[],Contact for Availability,{},,,,,Automatic
https://www.bqwatches.com/product/24232,bqwatches,ROLEX DAYTONA - 126503,22000.0,GBP,Rolex,Daytona,126503,,,[],Contact for Availability,{},,,,,Automatic
https://www.bqwatches.com/product/11115,bqwatches,ROLEX SUBMARINER - 16610LV,11750.0,GBP,Rolex,Submariner,16610LV,,,[],Contact for Availability,{},,,,,Automatic
https://www.bqwatches.com/product/18546,bqwatches,ROLEX DAYTONA - 116508,35000.0,GBP,Rolex,Daytona,116508,,,[],Contact for Availability,{},,,,,Automatic
https://www.bqwatches.com/product/23474,bqwatches,ROLEX GMT-MASTER - 16750,10250.0,GBP,Rolex,Gmt-Master,16750,,,[],Contact for Availability,{},,,,,Automatic
https://www.bqwatches.com/product/24147,bqwatches,ROLEX DATEJUST 31 - 278274,10000.0,GBP,Rolex,Datejust,278274,,,[],Contact for Availability,{},,,,,Automatic
https://www.bqwatches.com/product/24152,bqwatches,ROLEX GMT-MASTER II - 126710GRNR,15950.0,GBP,Rolex,Gmt-Master,126710GRNR,,,[],Contact for Availability,{},,,,,Automatic
https://www.bqwatches.com/product/23618,bqwatches,ROLEX DAY-DATE - 18238,19950.0,GBP,Rolex,Day-Date,18238,,,[],Contact for Availability,{},,,,,Automatic
https://www.bqwatches.com/product/23503,bqwatches,ROLEX DATEJUST - 116203,9000.0,GBP,Rolex,Datejust,116203,,,[],Contact for Availability,{},,,,,Automatic
https://www.bqwatches.com/product/24230,bqwatches,ROLEX YACHT-MASTER 42 - 226627,21500.0,GBP,Rolex,Yacht-Master,226627,,,[],Contact for Availability,{},,,,,Automatic
https://www.bqwatches.com/product/23575,bqwatches,ROLEX GMT-MASTER - 1675,29995.0,GBP,Rolex,Gmt-Master,,,,[],Contact for Availability,{},,,,,Automatic
https://www.bqwatches.com/product/21916,bqwatches,ROLEX SUBMARINER - 5513,12250.0,GBP,Rolex,Submariner,,,,[],Contact for Availability,{},,,,,Automatic
https://www.bqwatches.com/product/23125,bqwatches,ROLEX GMT-MASTER II - 116713LN,10500.0,GBP,Rolex,Gmt-Master,116713LN,,,[],Contact for Availability,{},,,,,Automatic
https://www.bqwatches.com/product/22185,bqwatches,ROLEX SUBMARINER - 16618LB,23750.0,GBP,Rolex,Submariner,16618LB,,,[],Contact for Availability,{},,,,,Automatic
https://www.bqwatches.com/product/23482,bqwatches,ROLEX DAYTONA - 116505,32000.0,GBP,Rolex,Daytona,116505,,,[],Contact for Availability,{},,,,,Automatic
https://www.bqwatches.com/product/24175,bqwatches,ROLEX GMT-MASTER II - 126710GRNR,15750.0,GBP,Rolex,Gmt-Master,126710GRNR,,,[],Contact for Availability,{},,,,,Automatic
https://www.bqwatches.com/product/23505,bqwatches,ROLEX OYSTER PERPETUAL - 76193,4500.0,GBP,Rolex,Oyster Perpetual,,,,[],Contact for Availability,{},,,Oyster Bracelet,,Automatic
https://www.bqwatches.com/product/23429,bqwatches,ROLEX DATEJUST - 116233,8750.0,GBP,Rolex,Datejust,116233,,,[],Contact for Availability,{},,,,,Automatic
https://www.bqwatches.com/product/23692,bqwatches,ROLEX DATEJUST - 16233,5950.0,GBP,Rolex,Datejust,16233,,,[],Contact for Availability,{},,,,,Automatic
https://www.bqwatches.com/product/22660,bqwatches,ROLEX DAYTONA - 16518,28500.0,GBP,Rolex,Daytona,16518,,,[],Contact for Availability,{},,,,,Automatic
https://www.bqwatches.com/product/22510,bqwatches,ROLEX SEA-DWELLER DEEPSEA - 126660,10450.0,GBP,Rolex,Sea-Dweller,126660,,,[],Contact for Availability,{},,,,,Automatic
https://www.bqwatches.com/product/23801,bqwatches,ROLEX GMT-MASTER II - 126710BLRO,15950.0,GBP,Rolex,Gmt-Master,126710BLRO,,,[],Contact for Availability,{},,,,,Automatic
https://www.bqwatches.com/product/23239,bqwatches,ROLEX GMT-MASTER II - 16713,9750.0,GBP,Rolex,Gmt-Master,16713,,,[],Contact for Availability,{},,,,,Automatic
https://www.bqwatches.com/product/23603,bqwatches,ROLEX DATEJUST - 279161,10500.0,GBP,Rolex,Datejust,279161,,,[],Contact for Availability,{},,,,,Automatic
https://www.bqwatches.com/product/23595,bqwatches,ROLEX SUBMARINER - 16800,10000.0,GBP,Rolex,Submariner,16800,,,[],Contact for Availability,{},,,,,Automatic
https://www.bqwatches.com/product/23167,bqwatches,ROLEX GMT MASTER II - 16713,11750.0,GBP,Rolex,,16713,,,[],Contact for Availability,{},,,,,Automatic
https://www.bqwatches.com/product/24136,bqwatches,ROLEX SUBMARINER - 126613LB,13750.0,GBP,Rolex,Submariner,126613LB,,,[],Contact for Availability,{},,,,,Automatic
https://www.bqwatches.com/product/22659,bqwatches,ROLEX YACHT-MASTER 40 - 126622,10450.0,GBP,Rolex,Yacht-Master,126622,,,[],Contact for Availability,{},,,,,Automatic
https://www.bqwatches.com/product/19815,bqwatches,ROLEX EXPLORER II STEVE MCQUEEN - 1655,,GBP,Rolex,Explorer,,,,[],Contact for Availability,{},,,,,Automatic
https://www.bqwatches.com/product/23559,bqwatches,ROLEX SEA-DWELLER DEEPSEA - 116660,9000.0,GBP,Rolex,Sea-Dweller,116660,,,[],Contact for Availability,{},,,,,Automatic
https://www.bqwatches.com/product/23758,bqwatches,ROLEX DATEJUST 41 - 126300,7500.0,GBP,Rolex,Datejust,126300,,,[],Contact for Availability,{},,,,,Automatic
https://www.bqwatches.com/product/23943,bqwatches,ROLEX GMT-MASTER II - 126720VTNR,13450.0,GBP,Rolex,Gmt-Master,126720VTNR,,,[],Contact for Availability,{},,,,,Automatic
https://www.bqwatches.com/product/23955,bqwatches,ROLEX DATEJUST 41 - 126300,9500.0,GBP,Rolex,Datejust,126300,,,[],Contact for Availability,{},,,,,Automatic
https://www.bqwatches.com/product/22696,bqwatches,ROLEX DAYTONA - 16523,15500.0,GBP,Rolex,Daytona,16523,,,[],Contact for Availability,{},,,,,Automatic
https://www.bqwatches.com/product/23469,bqwatches,ROLEX DATEJUST 31 - 278271,13000.0,GBP,Rolex,Datejust,278271,,,[],Contact for Availability,{},,,,,Automatic
https://www.bqwatches.com/product/24026,bqwatches,ROLEX YACHT-MASTER 40 - 126622,10750.0,GBP,Rolex,Yacht-Master,126622,,,[],Contact for Availability,{},,,,,Automatic
https://www.bqwatches.com/product/24011,bqwatches,ROLEX SEA-DWELLER DEEPSEA - 116660,8250.0,GBP,Rolex,Sea-Dweller,116660,,,[],Contact for Availability,{},,,,,Automatic
https://www.bqwatches.com/product/24079,bqwatches,ROLEX DATEJUST 41 - 126300,7750.0,GBP,Rolex,Datejust,126300,,,[],Contact for Availability,{},,,,,Automatic
https://www.bqwatches.com/product/19495,bqwatches,ROLEX SEA-DWELLER DEEPSEA - 116660,8200.0,GBP,Rolex,Sea-Dweller,116660,,,[],Contact for Availability,{},,,,,Automatic
https://www.bqwatches.com/product/22473,bqwatches,ROLEX YACHT-MASTER II - 16623,9800.0,GBP,Rolex,Yacht-Master,16623,,,[],Contact for Availability,{},,,,,Automatic
https://www.bqwatches.com/product/19991,bqwatches,ROLEX SUBMARINER - 1680,14500.0,GBP,Rolex,Submariner,,,,[],Contact for Availability,{},,,,,Automatic
https://www.bqwatches.com/product/23646,bqwatches,ROLEX YACHT-MASTER II - 116681,15950.0,GBP,Rolex,Yacht-Master,116681,,,[],Contact for Availability,{},,,,,Automatic
https://www.bqwatches.com/product/23863,bqwatches,ROLEX DATEJUST 41 - 126334,10750.0,GBP,Rolex,Datejust,126334,,,[],Contact for Availability,{},,,,,Automatic
https://www.bqwatches.com/product/22257,bqwatches,ROLEX SUBMARINER - 5512,15950.0,GBP,Rolex,Submariner,,,,[],Contact for Availability,{},,,,,Automatic
https://www.bqwatches.com/product/24052,bqwatches,ROLEX GMT MASTER II - 126711CHNR,14000.0,GBP,Rolex,,126711CHNR,,,[],Contact for Availability,{},,,,,Automatic
https://www.bqwatches.com/product/21865,bqwatches,ROLEX SUBMARINER - 116610LN,9500.0,GBP,Rolex,Submariner,116610LN,,,[],Contact for Availability,{},,,,,Automatic
https://www.bqwatches.com/product/23431,bqwatches,ROLEX DATEJUST - 16238,22750.0,GBP,Rolex,Datejust,16238,,,[],Contact for Availability,{},,,,,Automatic
https://www.bqwatches.com/product/23100,bqwatches,ROLEX DATEJUST - 279171,10250.0,GBP,Rolex,Datejust,279171,,,[],Contact for Availability,{},,,,,Automatic
https://www.bqwatches.com/product/23242,bqwatches,ROLEX SUBMARINER - 16613LB,9250.0,GBP,Rolex,Submariner,16613LB,,,[],Contact for Availability,{},,,,,Automatic
https://www.bqwatches.com/product/19813,bqwatches,ROLEX EXPLORER II - 16570,,GBP,Rolex,Explorer,16570,,,[],Contact for Availability,{},,,,,Automatic
https://www.bqwatches.com/product/23343,bqwatches,ROLEX GMT-MASTER II - 126720VTNR,13400.0,GBP,Rolex,Gmt-Master,126720VTNR,,,[],Contact for Availability,{},,,,,Automatic
https://www.bqwatches.com/product/23601,bqwatches,ROLEX SUBMARINER - 116610LN,10000.0,GBP,Rolex,Submariner,116610LN,,,[],Contact for Availability,{},,,,,Automatic
https://www.bqwatches.com/product/24013,bqwatches,ROLEX DATEJUST 41 - 126300,8250.0,GBP,Rolex,Datejust,126300,,,[],Contact for Availability,{},,,,,Automatic
https://www.bqwatches.com/product/22794,bqwatches,ROLEX DATEJUST - 16233,5750.0,GBP,Rolex,Datejust,16233,,,[],Contact for Availability,{},,,,,Automatic
https://www.bqwatches.com/product/10771,bqwatches,ROLEX DAYTONA ZENITH - 16520,22500.0,GBP,Rolex,Daytona,16520,,,[],Contact for Availability,{},,,,,Automatic
https://www.bqwatches.com/product/24197,bqwatches,ROLEX OYSTER PERPETUAL - 124200,8500.0,GBP,Rolex,Oyster Perpetual,124200,,,[],Contact for Availability,{},,,Oyster Bracelet,,Automatic
https://www.bqwatches.com/product/23914,bqwatches,ROLEX DAYTONA - 126506,95000.0,GBP,Rolex,Daytona,126506,,,[],Contact for Availability,{},,,,,Automatic
https://www.bqwatches.com/product/23304,bqwatches,ROLEX YACHT-MASTER II - 16623,9750.0,GBP,Rolex,Yacht-Master,16623,,,[],Contact for Availability,{},,,,,Automatic
https://www.bqwatches.com/product/23617,bqwatches,ROLEX EXPLORER - 1016,9950.0,GBP,Rolex,Explorer,,,,[],Contact for Availability,{},,,,,Automatic
https://www.bqwatches.com/product/23912,bqwatches,ROLEX SUBMARINER SINGLE RED - 1680,16750.0,GBP,Rolex,Submariner,,,,[],Contact for Availability,{},,,,,Automatic
https://www.bqwatches.com/product/22683,bqwatches,ROLEX DATEJUST - 69174,3750.0,GBP,Rolex,Datejust,,,,[],Contact for Availability,{},,,,,Automatic
https://www.bqwatches.com/product/22485,bqwatches,ROLEX DATE - 6917,3000.0,GBP,Rolex,,,,,[],Contact for Availability,{},,,,,Automatic
https://www.bqwatches.com/product/21599,bqwatches,ROLEX GMT-MASTER - 16758,29950.0,GBP,Rolex,Gmt-Master,16758,,,[],Contact for Availability,{},,,,,Automatic
https://www.bqwatches.com/product/24160,bqwatches,ROLEX GMT MASTER II - 126710BLNR,14000.0,GBP,Rolex,,126710BLNR,,,[],Contact for Availability,{},,,,,Automatic
https://www.bqwatches.com/product/24066,bqwatches,ROLEX DATEJUST 36 - 1611,19500.0,GBP,Rolex,Datejust,,,,[],Contact for Availability,{},,,,,Automatic
https://www.bqwatches.com/product/23663,bqwatches,ROLEX SUBMARINER - 5513,17500.0,GBP,Rolex,Submariner,,,,[],Contact for Availability,{},,,,,Automatic
https://www.bqwatches.com/product/23811,bqwatches,ROLEX DATEJUST 41 - 126334,9300.0,GBP,Rolex,Datejust,126334,,,[],Contact for Availability,{},,,,,Automatic
https://www.bqwatches.com/product/24179,bqwatches,ROLEX SUBMARINER - 126610LV,12750.0,GBP,Rolex,Submariner,126610LV,,,[],Contact for Availability,{},,,,,Automatic
https://www.bqwatches.com/product/23506,bqwatches,ROLEX DATEJUST II - 116333,11750.0,GBP,Rolex,Datejust,116333,,,[],Contact for Availability,{},,,,,Automatic
https://www.bqwatches.com/product/24174,bqwatches,ROLEX EXPLORER - 124270,7250.0,GBP,Rolex,Explorer,124270,,,[],Contact for Availability,{},,,,,Automatic
https://www.bqwatches.com/product/19320,bqwatches,ROLEX DAYTONA - 116528,32950.0,GBP,Rolex,Daytona,116528,,,[],Contact for Availability,{},,,,,Automatic
https://www.bqwatches.com/product/23075,bqwatches,ROLEX DAYTONA - 16528,33750.0,GBP,Rolex,Daytona,16528,,,[],Contact for Availability,{},,,,,Automatic
https://www.bqwatches.com/product/22597,bqwatches,ROLEX DAYTONA - 116528,36000.0,GBP,Rolex,Daytona,116528,,,[],Contact for Availability,{},,,,,Automatic
https://www.bqwatches.com/product/21164,bqwatches,ROLEX SUBMARINER - 16610LV,14500.0,GBP,Rolex,Submariner,16610LV,,,[],Contact for Availability,{},,,,,Automatic
https://www.bqwatches.com/product/19385,bqwatches,ROLEX EXPLORER II - 216570,8250.0,GBP,Rolex,Explorer,216570,,,[],Contact for Availability,{},,,,,Automatic
https://www.bqwatches.com/product/21952,bqwatches,ROLEX GMT-MASTER II - 116719BLRO,24000.0,GBP,Rolex,Gmt-Master,116719BLRO,,,[],Contact for Availability,{},,,,,Automatic
https://www.bqwatches.com/product/23365,bqwatches,ROLEX DATEJUST - 69179B,,GBP,Rolex,Datejust,,,,[],Contact for Availability,{},,,,,Automatic
https://www.bqwatches.com/product/22996,bqwatches,ROLEX DATEJUST - 69173,4750.0,GBP,Rolex,Datejust,,,,[],Contact for Availability,{},,,,,Automatic
https://www.bqwatches.com/product/23486,bqwatches,ROLEX DATEJUST - 179383,11500.0,GBP,Rolex,Datejust,179383,,,[],Contact for Availability,{},,,,,Automatic
https://www.bqwatches.com/product/20007,bqwatches,ROLEX DAYTONA ARTISANS DE GENEVE TRIBUTE TO 6240 - 116520,68000.0,GBP,Rolex,Daytona,116520,,,[],Contact for Availability,{},,,,,Automatic
https://www.bqwatches.com/product/19645,bqwatches,ROLEX DAYTONA - 116520,21000.0,GBP,Rolex,Daytona,116520,,,[],Contact for Availability,{},,,,,Automatic
https://www.bqwatches.com/product/20226,bqwatches,ROLEX GMT-MASTER - 16753,8950.0,GBP,Rolex,Gmt-Master,16753,,,[],Contact for Availability,{},,,,,Automatic
https://www.bqwatches.com/product/24009,bqwatches,ROLEX SEA-DWELLER - 126600,11000.0,GBP,Rolex,Sea-Dweller,126600,,,[],Contact for Availability,{},,,,,Automatic
https://www.bqwatches.com/product/24176,bqwatches,ROLEX DAYTONA - 116500LN,21950.0,GBP,Rolex,Daytona,116500LN,,,[],Contact for Availability,{},,,,,Automatic
https://www.bqwatches.com/product/23748,bqwatches,ROLEX SEA-DWELLER 4000 - 116600,12500.0,GBP,Rolex,Sea-Dweller,116600,,,[],Contact for Availability,{},,,,,Automatic
https://www.bqwatches.com/product/24089,bqwatches,ROLEX GMT-MASTER II - 126710BLNR,13650.0,GBP,Rolex,Gmt-Master,126710BLNR,,,[],Contact for Availability,{},,,,,Automatic
